Workbook

Sheet Planilha2
A3: Data | B3: Tentativas | C3: Conversões
A4: 20/04/2026 | B4: 291 | C4: 48
A5: 22/04/2026 | B5: 1846 | C5: 43
A6: 24/04/2026 | B6: 724 | C6: 9
A7: 26/05/2026 | B7: 164 | C7: 28
A8: 27/05/2026 | B8: 106 | C8: 6
A9: 28/05/2026 | B9: 94 | C9: 6
A10: Total Geral | B10: 3225 | C10: 140

Sheet chamadas_22-04-2026_165407
A1: DATA | B1: FILA | C1: AGENTE | D1: IDCRM | E1: DOC | F1: IDDISCADOR | G1: UNIQUEID | H1: ORIGEM | I1: DESTINO | J1: TIPO | K1: STATUS | L1: STATUS_NEGOCIO | M1: MAILING | N1: DESLIGADOPOR | O1: ISDN_CODE | P1: AGENDAMENTO | Q1: CPF/CNPJ COLETADO | R1: TEMPO_CONECTADO | S1: TEMPO_DE_CONVERSACAO | T1: Interessado | U1: Data2
A2: 46132.386 | B2: 3003 - FirjanAtivo | C2: 6052-Marcia Lima Peixoto | D2: 1 | E2: 1 | F2: 1 | G2: 17766873544641 | H2: (21) 97424-1466 | I2: 3003 | J2: Discador | K2: Atendido | L2: Engano | M2: BPATIVO20042026 | N2: Cliente | O2: 16 | R2: 0.00021990741 | S2: 0.00018518519 | T2: =IF(Tabela1[[#This Row],[STATUS_NEGOCIO]]="Enviar E-mail",1,"") | U2: =TEXT(Tabela1[[#This Row],[DATA]],"dd/mm/aaaa") -> 20/04/2026
A3: 46132.399 | B3: 3003 - FirjanAtivo | C3: 6044-Roseli Honorato Dos Santos | F3: 2761431712 | G3: 17766884936461 | H3: (21) 98474-3198 | I3: (21) 2038-4382 | J3: Sainte | K3: Atendido | L3: Fora de Area / Cx de Mensagens | N3: Agente | O3: 16 | R3: 0.00074074074 | S3: 0.00048611111 | T3: =IF(Tabela1[[#This Row],[STATUS_NEGOCIO]]="Enviar E-mail",1,"") | U3: =TEXT(Tabela1[[#This Row],[DATA]],"dd/mm/aaaa") -> 20/04/2026
A4: 46132.4 | B4: 3003 - FirjanAtivo | C4: 6052-Marcia Lima Peixoto | F4: 2776525487 | G4: 17766885176521 | H4: (21) 99983-6949 | I4: (21) 2038-4382 | J4: Sainte | K4: Atendido | L4: Engano | N4: Agente | O4: 16 | R4: 0.000625 | S4: 0.00030092593 | T4: =IF(Tabela1[[#This Row],[STATUS_NEGOCIO]]="Enviar E-mail",1,"") | U4: =TEXT(Tabela1[[#This Row],[DATA]],"dd/mm/aaaa") -> 20/04/2026
A5: 46132.401 | B5: 3003 - FirjanAtivo | C5: 6044-Roseli Honorato Dos Santos | F5: 2774907115 | G5: 17766886376691 | H5: (24) 99821-8454 | I5: (21) 2038-4382 | J5: Sainte | K5: Atendido | L5: Fora de Area / Cx de Mensagens | N5: Agente | O5: 16 | R5: 0.000625 | S5: 0.00019675926 | T5: =IF(Tabela1[[#This Row],[STATUS_NEGOCIO]]="Enviar E-mail",1,"") | U5: =TEXT(Tabela1[[#This Row],[DATA]],"dd/mm/aaaa") -> 20/04/2026
A6: 46132.401 | B6: 3003 - FirjanAtivo | C6: 6052-Marcia Lima Peixoto | F6: 2746674497 | G6: 17766886446711 | H6: (21) 96998-5832 | I6: (21) 2038-4382 | J6: Sainte | K6: Atendido | L6: Engano | N6: Agente | O6: 16 | R6: 0.00025462963 | S6: 0.00015046296 | T6: =IF(Tabela1[[#This Row],[STATUS_NEGOCIO]]="Enviar E-mail",1,"") | U6: =TEXT(Tabela1[[#This Row],[DATA]],"dd/mm/aaaa") -> 20/04/2026
A7: 46132.402 | B7: 3003 - FirjanAtivo | C7: 6052-Marcia Lima Peixoto | F7: 2776525684 | G7: 17766887146851 | H7: (21) 99983-6949 | I7: (21) 2038-4382 | J7: Sainte | K7: Não Atendeu | L7: Não Atendeu | N7: Agente | O7: 19 | R7: 0.0002662037 | S7: --- | T7: =IF(Tabela1[[#This Row],[STATUS_NEGOCIO]]="Enviar E-mail",1,"") | U7: =TEXT(Tabela1[[#This Row],[DATA]],"dd/mm/aaaa") -> 20/04/2026
A8: 46132.402 | B8: 3003 - FirjanAtivo | C8: 6044-Roseli Honorato Dos Santos | F8: 2776520152 | G8: 17766887276871 | H8: (22) 99983-1403 | I8: (21) 2038-4382 | J8: Sainte | K8: Atendido | L8: Fora de Area / Cx de Mensagens | N8: Agente | O8: 16 | R8: 0.00047453704 | S8: 5.787037e-05 | T8: =IF(Tabela1[[#This Row],[STATUS_NEGOCIO]]="Enviar E-mail",1,"") | U8: =TEXT(Tabela1[[#This Row],[DATA]],"dd/mm/aaaa") -> 20/04/2026
A9: 46132.403 | B9: 3003 - FirjanAtivo | C9: 6052-Marcia Lima Peixoto | F9: 2764934899 | G9: 17766888587201 | H9: (22) 98824-6019 | I9: (21) 2038-4382 | J9: Sainte | K9: Atendido | L9: Enviar E-mail | N9: Agente | O9: 16 | R9: 0.0023032407 | S9: 0.0022453704 | T9: =IF(Tabela1[[#This Row],[STATUS_NEGOCIO]]="Enviar E-mail",1,"") -> 1 | U9: =TEXT(Tabela1[[#This Row],[DATA]],"dd/mm/aaaa") -> 20/04/2026
A10: 46132.405 | B10: 3003 - FirjanAtivo | C10: 6044-Roseli Honorato Dos Santos | F10: 2774938445 | G10: 17766890307491 | H10: (22) 99824-9393 | I10: (21) 2038-4382 | J10: Sainte | K10: Atendido | L10: Fora de Area / Cx de Mensagens | N10: Agente | O10: 16 | R10: 0.00053240741 | S10: 0.00010416667 | T10: =IF(Tabela1[[#This Row],[STATUS_NEGOCIO]]="Enviar E-mail",1,"") | U10: =TEXT(Tabela1[[#This Row],[DATA]],"dd/mm/aaaa") -> 20/04/2026
A11: 46132.406 | B11: 3003 - FirjanAtivo | C11: 6044-Roseli Honorato Dos Santos | F11: 2758422530 | G11: 17766891097531 | H11: (21) 98173-3400 | I11: (21) 2038-4382 | J11: Sainte | K11: Atendido | L11: Enviar E-mail | N11: Agente | O11: 16 | R11: 0.0017476852 | S11: 0.0016782407 | T11: =IF(Tabela1[[#This Row],[STATUS_NEGOCIO]]="Enviar E-mail",1,"") -> 1 | U11: =TEXT(Tabela1[[#This Row],[DATA]],"dd/mm/aaaa") -> 20/04/2026
A12: 46132.408 | B12: 3003 - FirjanAtivo | C12: 6052-Marcia Lima Peixoto | F12: 2776093403 | G12: 17766892637691 | H12: (22) 99940-4118 | I12: (21) 2038-4382 | J12: Sainte | K12: Não Atendeu | L12: Não Atendeu | N12: Agente | O12: 19 | R12: 0.00041666667 | S12: --- | T12: =IF(Tabela1[[#This Row],[STATUS_NEGOCIO]]="Enviar E-mail",1,"") | U12: =TEXT(Tabela1[[#This Row],[DATA]],"dd/mm/aaaa") -> 20/04/2026
A13: 46132.409 | B13: 3003 - FirjanAtivo | C13: 6052-Marcia Lima Peixoto | F13: 2776093453 | G13: 17766893137721 | H13: (22) 99940-4118 | I13: (21) 2038-4382 | J13: Sainte | K13: Atendido | L13: Tel Não Atende / Ocupado | N13: Agente | O13: 16 | R13: 0.00052083333 | S13: 9.2592593e-05 | T13: =IF(Tabela1[[#This Row],[STATUS_NEGOCIO]]="Enviar E-mail",1,"") | U13: =TEXT(Tabela1[[#This Row],[DATA]],"dd/mm/aaaa") -> 20/04/2026
A14: 46132.41 | B14: 3003 - FirjanAtivo | C14: 6052-Marcia Lima Peixoto | F14: 2774100613 | G14: 17766893897931 | H14: (22) 99741-1201 | I14: (21) 2038-4382 | J14: Sainte | K14: Não Atendeu | L14: Não Atendeu | N14: Agente | O14: 19 | R14: 0.0002662037 | S14: --- | T14: =IF(Tabela1[[#This Row],[STATUS_NEGOCIO]]="Enviar E-mail",1,"") | U14: =TEXT(Tabela1[[#This Row],[DATA]],"dd/mm/aaaa") -> 20/04/2026
A15: 46132.411 | B15: 3003 - FirjanAtivo | C15: 6044-Roseli Honorato Dos Santos | F15: 2769608750 | G15: 17766894748151 | H15: (24) 99291-9252 | I15: (21) 2038-4382 | J15: Sainte | K15: Atendido | L15: Fora de Area / Cx de Mensagens | N15: Agente | O15: 16 | R15: 0.00049768519 | S15: 8.1018519e-05 | T15: =IF(Tabela1[[#This Row],[STATUS_NEGOCIO]]="Enviar E-mail",1,"") | U15: =TEXT(Tabela1[[#This Row],[DATA]],"dd/mm/aaaa") -> 20/04/2026
A16: 46132.411 | B16: 3003 - FirjanAtivo | C16: 6052-Marcia Lima Peixoto | F16: 2774100700 | G16: 17766894778181 | H16: (22) 99741-1201 | I16: (21) 2038-4382 | J16: Sainte | K16: Não Atendeu | L16: Não Atendeu | N16: Agente | O16: 19 | R16: 0.00019675926 | S16: --- | T16: =IF(Tabela1[[#This Row],[STATUS_NEGOCIO]]="Enviar E-mail",1,"") | U16: =TEXT(Tabela1[[#This Row],[DATA]],"dd/mm/aaaa") -> 20/04/2026
A17: 46132.413 | B17: 3003 - FirjanAtivo | C17: 6044-Roseli Honorato Dos Santos | F17: 2764931219 | G17: 17766896838341 | H17: (24) 98824-1512 | I17: (21) 2038-4382 | J17: Sainte | K17: Atendido | L17: Fora de Area / Cx de Mensagens | N17: Agente | O17: 16 | R17: 0.00055555556 | S17: 0.00010416667 | T17: =IF(Tabela1[[#This Row],[STATUS_NEGOCIO]]="Enviar E-mail",1,"") | U17: =TEXT(Tabela1[[#This Row],[DATA]],"dd/mm/aaaa") -> 20/04/2026
A18: 46132.414 | B18: 3003 - FirjanAtivo | C18: 6044-Roseli Honorato Dos Santos | F18: 2776331224 | G18: 17766897818731 | H18: (22) 99964-1421 | I18: (21) 2038-4382 | J18: Sainte | K18: Atendido | L18: Fora de Area / Cx de Mensagens | N18: Cliente | O18: 16 | R18: 0.0003125 | S18: 0.00011574074 | T18: =IF(Tabela1[[#This Row],[STATUS_NEGOCIO]]="Enviar E-mail",1,"") | U18: =TEXT(Tabela1[[#This Row],[DATA]],"dd/mm/aaaa") -> 20/04/2026
A19: 46132.415 | B19: 3003 - FirjanAtivo | C19: 6044-Roseli Honorato Dos Santos | F19: 2776521263 | G19: 17766898378861 | H19: (22) 99983-1403 | I19: (21) 2038-4382 | J19: Sainte | K19: Atendido | L19: Tel Não Atende / Ocupado | N19: Cliente | O19: 16 | R19: 0.00053240741 | S19: 0.00011574074 | T19: =IF(Tabela1[[#This Row],[STATUS_NEGOCIO]]="Enviar E-mail",1,"") | U19: =TEXT(Tabela1[[#This Row],[DATA]],"dd/mm/aaaa") -> 20/04/2026
A20: 46132.416 | B20: 3003 - FirjanAtivo | C20: 6044-Roseli Honorato Dos Santos | F20: 2761471803 | G20: 17766899289071 | H20: (21) 98478-1854 | I20: (21) 2038-4382 | J20: Sainte | K20: Atendido | L20: Tel Não Atende / Ocupado | N20: Cliente | O20: 16 | R20: 0.00025462963 | S20: 0.00015046296 | T20: =IF(Tabela1[[#This Row],[STATUS_NEGOCIO]]="Enviar E-mail",1,"") | U20: =TEXT(Tabela1[[#This Row],[DATA]],"dd/mm/aaaa") -> 20/04/2026
A21: 46132.417 | B21: 3003 - FirjanAtivo | C21: 6044-Roseli Honorato Dos Santos | F21: 2761471871 | G21: 17766899969171 | H21: (21) 98478-1854 | I21: (21) 2038-4382 | J21: Sainte | K21: Atendido | L21: Tel Não Atende / Ocupado | N21: Cliente | O21: 16 | R21: 0.00034722222 | S21: 0.00028935185 | T21: =IF(Tabela1[[#This Row],[STATUS_NEGOCIO]]="Enviar E-mail",1,"") | U21: =TEXT(Tabela1[[#This Row],[DATA]],"dd/mm/aaaa") -> 20/04/2026
A22: 46132.387 | B22: 3003 - FirjanAtivo | C22: --- | D22: renataalvarengasilvagmailcom | E22: 59407605000144 | F22: 2 | G22: 17766873834671 | H22: (22) 99983-1403 | I22: 3003 | J22: Discador | K22: Atendido | L22: Fora de Area / Cx de Mensagens | M22: BPATIVO20042026 | N22: Agente | O22: 131 | R22: 0.00069444444 | S22: --- | T22: =IF(Tabela1[[#This Row],[STATUS_NEGOCIO]]="Enviar E-mail",1,"") | U22: =TEXT(Tabela1[[#This Row],[DATA]],"dd/mm/aaaa") -> 20/04/2026
A23: 46132.387 | B23: 3003 - FirjanAtivo | C23: --- | D23: comercialdegustogmailcom | E23: 23884500000139 | F23: 3 | G23: 17766874805171 | H23: (24) 98824-1512 | I23: Falha | J23: Discador | K23: Não Atendeu | L23: Não Atendeu | M23: BPATIVO20042026 | N23: -- | O23: 19 | R23: 0 | S23: --- | T23: =IF(Tabela1[[#This Row],[STATUS_NEGOCIO]]="Enviar E-mail",1,"") | U23: =TEXT(Tabela1[[#This Row],[DATA]],"dd/mm/aaaa") -> 20/04/2026
A24: 46132.404 | B24: 3003 - FirjanAtivo | C24: --- | D24: janayravisgueiracostagmaicom | E24: 24265410000122 | F24: 5 | G24: 17766888247081 | H24: (21) 99860-2307 | I24: 3003 | J24: Discador | K24: Atendido | L24: Fora de Area / Cx de Mensagens | M24: BPATIVO20042026 | N24: Agente | O24: 131 | R24: 0.00069444444 | S24: --- | T24: =IF(Tabela1[[#This Row],[STATUS_NEGOCIO]]="Enviar E-mail",1,"") | U24: =TEXT(Tabela1[[#This Row],[DATA]],"dd/mm/aaaa") -> 20/04/2026
A25: 46132.404 | B25: 3003 - FirjanAtivo | C25: --- | D25: aetaetsolutionscombr | E25: 9082639000138 | F25: 4 | G25: 17766888247071 | H25: (22) 99824-9393 | I25: 3003 | J25: Discador | K25: Atendido | L25: Fora de Area / Cx de Mensagens | M25: BPATIVO20042026 | N25: Agente | O25: 131 | R25: 0.00072916667 | S25: --- | T25: =IF(Tabela1[[#This Row],[STATUS_NEGOCIO]]="Enviar E-mail",1,"") | U25: =TEXT(Tabela1[[#This Row],[DATA]],"dd/mm/aaaa") -> 20/04/2026
A26: 46132.418 | B26: 3003 - FirjanAtivo | C26: 6044-Roseli Honorato Dos Santos | F26: 2761471956 | G26: 17766900819411 | H26: (21) 98478-1854 | I26: (21) 2038-4382 | J26: Sainte | K26: Atendido | L26: Fora de Area / Cx de Mensagens | N26: Agente | O26: 16 | R26: 0.00050925926 | S26: 9.2592593e-05 | T26: =IF(Tabela1[[#This Row],[STATUS_NEGOCIO]]="Enviar E-mail",1,"") | U26: =TEXT(Tabela1[[#This Row],[DATA]],"dd/mm/aaaa") -> 20/04/2026
A27: 46132.418 | B27: 3003 - FirjanAtivo | C27: 6044-Roseli Honorato Dos Santos | F27: 2776244273 | G27: 17766901449631 | H27: (21) 99955-4108 | I27: (21) 2038-4382 | J27: Sainte | K27: Atendido | L27: Fora de Area / Cx de Mensagens | N27: Cliente | O27: 16 | R27: 0.00023148148 | S27: 0.00011574074 | T27: =IF(Tabela1[[#This Row],[STATUS_NEGOCIO]]="Enviar E-mail",1,"") | U27: =TEXT(Tabela1[[#This Row],[DATA]],"dd/mm/aaaa") -> 20/04/2026
A28: 46132.419 | B28: 3003 - FirjanAtivo | C28: 6044-Roseli Honorato Dos Santos | F28: 2776687681 | G28: 177669019110001 | H28: (24) 99999-7466 | I28: (21) 2038-4382 | J28: Sainte | K28: Atendido | L28: Fora de Area / Cx de Mensagens | N28: Agente | O28: 16 | R28: 0.00021990741 | S28: 0.00018518519 | T28: =IF(Tabela1[[#This Row],[STATUS_NEGOCIO]]="Enviar E-mail",1,"") | U28: =TEXT(Tabela1[[#This Row],[DATA]],"dd/mm/aaaa") -> 20/04/2026
A29: 46132.419 | B29: 3003 - FirjanAtivo | C29: 6044-Roseli Honorato Dos Santos | F29: 2741230892 | G29: 177669023010181 | H29: (21) 96454-0641 | I29: (21) 2038-4382 | J29: Sainte | K29: Atendido | L29: Enviar E-mail | N29: Cliente | O29: 16 | R29: 0.0022453704 | S29: 0.0021643519 | T29: =IF(Tabela1[[#This Row],[STATUS_NEGOCIO]]="Enviar E-mail",1,"") -> 1 | U29: =TEXT(Tabela1[[#This Row],[DATA]],"dd/mm/aaaa") -> 20/04/2026
A30: 46132.422 | B30: 3003 - FirjanAtivo | C30: 6044-Roseli Honorato Dos Santos | F30: 2740876819 | G30: 177669045810761 | H30: (21) 96418-6340 | I30: (21) 2038-4382 | J30: Sainte | K30: Atendido | L30: Tel Não Atende / Ocupado | N30: Agente | O30: 16 | R30: 0.00071759259 | S30: 0.00028935185 | T30: =IF(Tabela1[[#This Row],[STATUS_NEGOCIO]]="Enviar E-mail",1,"") | U30: =TEXT(Tabela1[[#This Row],[DATA]],"dd/mm/aaaa") -> 20/04/2026
A31: 46132.422 | B31: 3003 - FirjanAtivo | C31: 6052-Marcia Lima Peixoto | F31: 2776094641 | G31: 177669050110781 | H31: (22) 99940-4118 | I31: (21) 2038-4382 | J31: Sainte | K31: Atendido | L31: Tel Não Atende / Ocupado | N31: Agente | O31: 16 | R31: 0.00049768519 | S31: 3.4722222e-05 | T31: =IF(Tabela1[[#This Row],[STATUS_NEGOCIO]]="Enviar E-mail",1,"") | U31: =TEXT(Tabela1[[#This Row],[DATA]],"dd/mm/aaaa") -> 20/04/2026
A32: 46132.423 | B32: 3003 - FirjanAtivo | C32: 6044-Roseli Honorato Dos Santos | F32: 2758123621 | G32: 177669055410981 | H32: (24) 98143-3043 | I32: (21) 2038-4382 | J32: Sainte | K32: Atendido | L32: Enviar E-mail | N32: Cliente | O32: 16 | R32: 0.001712963 | S32: 0.001400463 | T32: =IF(Tabela1[[#This Row],[STATUS_NEGOCIO]]="Enviar E-mail",1,"") -> 1 | U32: =TEXT(Tabela1[[#This Row],[DATA]],"dd/mm/aaaa") -> 20/04/2026
A33: 46132.423 | B33: 3003 - FirjanAtivo | C33: 6052-Marcia Lima Peixoto | F33: 2774101782 | G33: 177669055911101 | H33: (22) 99741-1201 | I33: (21) 2038-4382 | J33: Sainte | K33: Não Atendeu | L33: Não Atendeu | N33: Agente | O33: 19 | R33: 0.0002662037 | S33: --- | T33: =IF(Tabela1[[#This Row],[STATUS_NEGOCIO]]="Enviar E-mail",1,"") | U33: =TEXT(Tabela1[[#This Row],[DATA]],"dd/mm/aaaa") -> 20/04/2026
A34: 46132.424 | B34: 3003 - FirjanAtivo | C34: 6052-Marcia Lima Peixoto | F34: 2774101819 | G34: 177669059611191 | H34: (22) 99741-1201 | I34: (21) 2038-4382 | J34: Sainte | K34: Não Atendeu | L34: Não Atendeu | N34: Agente | O34: 19 | R34: 0.00043981481 | S34: --- | T34: =IF(Tabela1[[#This Row],[STATUS_NEGOCIO]]="Enviar E-mail",1,"") | U34: =TEXT(Tabela1[[#This Row],[DATA]],"dd/mm/aaaa") -> 20/04/2026
A35: 46132.431 | B35: 3003 - FirjanAtivo | C35: 6044-Roseli Honorato Dos Santos | F35: 2758124266 | G35: 177669119913681 | H35: (24) 98143-3043 | I35: (21) 2038-4382 | J35: Sainte | K35: Ocupado | L35: Ocupado | N35: Cliente | O35: 19 | R35: 1.1574074e-05 | S35: --- | T35: =IF(Tabela1[[#This Row],[STATUS_NEGOCIO]]="Enviar E-mail",1,"") | U35: =TEXT(Tabela1[[#This Row],[DATA]],"dd/mm/aaaa") -> 20/04/2026
A36: 46132.432 | B36: 3003 - FirjanAtivo | C36: 6044-Roseli Honorato Dos Santos | F36: 2758124354 | G36: 177669128713841 | H36: (24) 98143-3043 | I36: (21) 2038-4382 | J36: Sainte | K36: Ocupado | L36: Ocupado | N36: Cliente | O36: 19 | R36: 1.1574074e-05 | S36: --- | T36: =IF(Tabela1[[#This Row],[STATUS_NEGOCIO]]="Enviar E-mail",1,"") | U36: =TEXT(Tabela1[[#This Row],[DATA]],"dd/mm/aaaa") -> 20/04/2026
A37: 46132.432 | B37: 3003 - FirjanAtivo | C37: 6044-Roseli Honorato Dos Santos | F37: 2758124434 | G37: 177669136713991 | H37: (24) 98143-3043 | I37: (21) 2038-4382 | J37: Sainte | K37: Atendido | L37: Enviar E-mail | N37: Agente | O37: 16 | R37: 0.00025462963 | S37: 0.00017361111 | T37: =IF(Tabela1[[#This Row],[STATUS_NEGOCIO]]="Enviar E-mail",1,"") -> 1 | U37: =TEXT(Tabela1[[#This Row],[DATA]],"dd/mm/aaaa") -> 20/04/2026
A38: 46132.433 | B38: 3003 - FirjanAtivo | C38: 6044-Roseli Honorato Dos Santos | F38: 2774428717 | G38: 177669141314021 | H38: (22) 99773-7282 | I38: (21) 2038-4382 | J38: Sainte | K38: Atendido | L38: Fora de Area / Cx de Mensagens | N38: Cliente | O38: 16 | R38: 8.1018519e-05 | S38: 4.6296296e-05 | T38: =IF(Tabela1[[#This Row],[STATUS_NEGOCIO]]="Enviar E-mail",1,"") | U38: =TEXT(Tabela1[[#This Row],[DATA]],"dd/mm/aaaa") -> 20/04/2026
A39: 46132.435 | B39: 3003 - FirjanAtivo | C39: 6044-Roseli Honorato Dos Santos | F39: 2774428899 | G39: 177669159414341 | H39: (22) 99773-7282 | I39: (21) 2038-4382 | J39: Sainte | K39: Atendido | L39: Fora de Area / Cx de Mensagens | N39: Cliente | O39: 16 | R39: 0.00039351852 | S39: 4.6296296e-05 | T39: =IF(Tabela1[[#This Row],[STATUS_NEGOCIO]]="Enviar E-mail",1,"") | U39: =TEXT(Tabela1[[#This Row],[DATA]],"dd/mm/aaaa") -> 20/04/2026
A40: 46132.437 | B40: 3003 - FirjanAtivo | C40: 6044-Roseli Honorato Dos Santos | F40: 2758401836 | G40: 177669172614761 | H40: (22) 98171-0088 | I40: (21) 2038-4382 | J40: Sainte | K40: Atendido | L40: Fora de Area / Cx de Mensagens | N40: Agente | O40: 16 | R40: 0.00039351852 | S40: 0.00012731481 | T40: =IF(Tabela1[[#This Row],[STATUS_NEGOCIO]]="Enviar E-mail",1,"") | U40: =TEXT(Tabela1[[#This Row],[DATA]],"dd/mm/aaaa") -> 20/04/2026
A41: 46132.438 | B41: 3003 - FirjanAtivo | C41: 6044-Roseli Honorato Dos Santos | F41: 2741310626 | G41: 177669179114991 | H41: (21) 96461-8814 | I41: (21) 2038-4382 | J41: Sainte | K41: Ocupado | L41: Ocupado | N41: Cliente | O41: 19 | R41: 1.1574074e-05 | S41: --- | T41: =IF(Tabela1[[#This Row],[STATUS_NEGOCIO]]="Enviar E-mail",1,"") | U41: =TEXT(Tabela1[[#This Row],[DATA]],"dd/mm/aaaa") -> 20/04/2026
A42: 46132.439 | B42: 3003 - FirjanAtivo | C42: 6044-Roseli Honorato Dos Santos | F42: 2741310688 | G42: 177669185315091 | H42: (21) 96461-8814 | I42: (21) 2038-4382 | J42: Sainte | K42: Ocupado | L42: Ocupado | N42: Cliente | O42: 19 | R42: 1.1574074e-05 | S42: --- | T42: =IF(Tabela1[[#This Row],[STATUS_NEGOCIO]]="Enviar E-mail",1,"") | U42: =TEXT(Tabela1[[#This Row],[DATA]],"dd/mm/aaaa") -> 20/04/2026
A43: 46132.439 | B43: 3003 - FirjanAtivo | C43: 6044-Roseli Honorato Dos Santos | F43: 2750734961 | G43: 177669193415371 | H43: (24) 97404-3002 | I43: (21) 2038-4382 | J43: Sainte | K43: Atendido | L43: Tel Não Atende / Ocupado | N43: Cliente | O43: 16 | R43: 0.0024537037 | S43: 0.0021412037 | T43: =IF(Tabela1[[#This Row],[STATUS_NEGOCIO]]="Enviar E-mail",1,"") | U43: =TEXT(Tabela1[[#This Row],[DATA]],"dd/mm/aaaa") -> 20/04/2026
A44: 46132.444 | B44: 3003 - FirjanAtivo | C44: 6044-Roseli Honorato Dos Santos | F44: 2758065522 | G44: 177669232516281 | H44: (22) 98137-3174 | I44: (21) 2038-4382 | J44: Sainte | K44: Atendido | L44: Enviar E-mail | N44: Cliente | O44: 16 | R44: 0.0016898148 | S44: 0.0014814815 | T44: =IF(Tabela1[[#This Row],[STATUS_NEGOCIO]]="Enviar E-mail",1,"") -> 1 | U44: =TEXT(Tabela1[[#This Row],[DATA]],"dd/mm/aaaa") -> 20/04/2026
A45: 46132.447 | B45: 3003 - FirjanAtivo | C45: 6044-Roseli Honorato Dos Santos | F45: 2757867093 | G45: 177669262616681 | H45: (24) 98117-4443 | I45: (21) 2038-4382 | J45: Sainte | K45: Atendido | L45: Tel Não Atende / Ocupado | N45: Cliente | O45: 16 | R45: 0.00028935185 | S45: 0.00011574074 | T45: =IF(Tabela1[[#This Row],[STATUS_NEGOCIO]]="Enviar E-mail",1,"") | U45: =TEXT(Tabela1[[#This Row],[DATA]],"dd/mm/aaaa") -> 20/04/2026
A46: 46132.451 | B46: 3003 - FirjanAtivo | C46: 6044-Roseli Honorato Dos Santos | F46: 2765018144 | G46: 177669296517251 | H46: (22) 98832-5157 | I46: (21) 2038-4382 | J46: Sainte | K46: Atendido | L46: Fora de Area / Cx de Mensagens | N46: Agente | O46: 16 | R46: 0.00038194444 | S46: 0.00011574074 | T46: =IF(Tabela1[[#This Row],[STATUS_NEGOCIO]]="Enviar E-mail",1,"") | U46: =TEXT(Tabela1[[#This Row],[DATA]],"dd/mm/aaaa") -> 20/04/2026
A47: 46132.459 | B47: 3003 - FirjanAtivo | C47: 6044-Roseli Honorato Dos Santos | F47: 2765018854 | G47: 177669367518461 | H47: (22) 98832-5157 | I47: (21) 2038-4382 | J47: Sainte | K47: Atendido | L47: Fora de Area / Cx de Mensagens | N47: Agente | O47: 16 | R47: 0.00086805556 | S47: 0.00064814815 | T47: =IF(Tabela1[[#This Row],[STATUS_NEGOCIO]]="Enviar E-mail",1,"") | U47: =TEXT(Tabela1[[#This Row],[DATA]],"dd/mm/aaaa") -> 20/04/2026
A48: 46132.46 | B48: 3003 - FirjanAtivo | C48: 6052-Marcia Lima Peixoto | F48: 2759110680 | G48: 177669367718481 | H48: (21) 98241-6981 | I48: (21) 2038-4382 | J48: Sainte | K48: Ocupado | L48: Ocupado | N48: Cliente | O48: 19 | R48: 1.1574074e-05 | S48: --- | T48: =IF(Tabela1[[#This Row],[STATUS_NEGOCIO]]="Enviar E-mail",1,"") | U48: =TEXT(Tabela1[[#This Row],[DATA]],"dd/mm/aaaa") -> 20/04/2026
A49: 46132.46 | B49: 3003 - FirjanAtivo | C49: 6052-Marcia Lima Peixoto | F49: 2758112224 | G49: 177669375118541 | H49: (22) 98141-8451 | I49: (21) 2038-4382 | J49: Sainte | K49: Não Atendeu | L49: Não Atendeu | N49: Agente | O49: 19 | R49: 0.00010416667 | S49: --- | T49: =IF(Tabela1[[#This Row],[STATUS_NEGOCIO]]="Enviar E-mail",1,"") | U49: =TEXT(Tabela1[[#This Row],[DATA]],"dd/mm/aaaa") -> 20/04/2026
A50: 46132.46 | B50: 3003 - FirjanAtivo | C50: 6052-Marcia Lima Peixoto | F50: 2776260521 | G50: 177669377518571 | H50: (22) 99956-6724 | I50: (21) 2038-4382 | J50: Sainte | K50: Atendido | L50: Fora de Area / Cx de Mensagens | N50: Agente | O50: 16 | R50: 9.2592593e-05 | S50: 6.9444444e-05 | T50: =IF(Tabela1[[#This Row],[STATUS_NEGOCIO]]="Enviar E-mail",1,"") | U50: =TEXT(Tabela1[[#This Row],[DATA]],"dd/mm/aaaa") -> 20/04/2026
A51: 46132.461 | B51: 3003 - FirjanAtivo | C51: 6044-Roseli Honorato Dos Santos | F51: 2765018968 | G51: 177669378918601 | H51: (22) 98832-5157 | I51: (21) 2038-4382 | J51: Sainte | K51: Atendido | L51: Fora de Area / Cx de Mensagens | N51: Agente | O51: 16 | R51: 0.00048611111 | S51: 0.00025462963 | T51: =IF(Tabela1[[#This Row],[STATUS_NEGOCIO]]="Enviar E-mail",1,"") | U51: =TEXT(Tabela1[[#This Row],[DATA]],"dd/mm/aaaa") -> 20/04/2026
A52: 46132.461 | B52: 3003 - FirjanAtivo | C52: 6052-Marcia Lima Peixoto | F52: 2768739625 | G52: 177669380418621 | H52: (21) 99204-5800 | I52: (21) 2038-4382 | J52: Sainte | K52: Atendido | L52: Tel Não Atende / Ocupado | N52: Cliente | O52: 16 | R52: 0.00016203704 | S52: 6.9444444e-05 | T52: =IF(Tabela1[[#This Row],[STATUS_NEGOCIO]]="Enviar E-mail",1,"") | U52: =TEXT(Tabela1[[#This Row],[DATA]],"dd/mm/aaaa") -> 20/04/2026
A53: 46132.461 | B53: 3003 - FirjanAtivo | C53: 6052-Marcia Lima Peixoto | F53: 2768739656 | G53: 177669383418841 | H53: (21) 99204-5800 | I53: (21) 2038-4382 | J53: Sainte | K53: Atendido | L53: Enviar E-mail | N53: Agente | O53: 16 | R53: 0.0017824074 | S53: 0.0016898148 | T53: =IF(Tabela1[[#This Row],[STATUS_NEGOCIO]]="Enviar E-mail",1,"") -> 1 | U53: =TEXT(Tabela1[[#This Row],[DATA]],"dd/mm/aaaa") -> 20/04/2026
A54: 46132.461 | B54: 3003 - FirjanAtivo | C54: 6044-Roseli Honorato Dos Santos | F54: 2758139209 | G54: 177669385218931 | H54: (22) 98144-5335 | I54: (21) 2038-4382 | J54: Sainte | K54: Atendido | L54: Fora de Area / Cx de Mensagens | N54: Agente | O54: 16 | R54: 0.00020833333 | S54: 0.00017361111 | T54: =IF(Tabela1[[#This Row],[STATUS_NEGOCIO]]="Enviar E-mail",1,"") | U54: =TEXT(Tabela1[[#This Row],[DATA]],"dd/mm/aaaa") -> 20/04/2026
A55: 46132.462 | B55: 3003 - FirjanAtivo | C55: 6044-Roseli Honorato Dos Santos | F55: 2750716967 | G55: 177669389319041 | H55: (24) 97402-3050 | I55: (21) 2038-4382 | J55: Sainte | K55: Atendido | L55: Fora de Area / Cx de Mensagens | N55: Cliente | O55: 16 | R55: 0.0014351852 | S55: 0.001400463 | T55: =IF(Tabela1[[#This Row],[STATUS_NEGOCIO]]="Enviar E-mail",1,"") | U55: =TEXT(Tabela1[[#This Row],[DATA]],"dd/mm/aaaa") -> 20/04/2026
A56: 46132.464 | B56: 3003 - FirjanAtivo | C56: 6052-Marcia Lima Peixoto | F56: 1875296414 | G56: 177669408819851 | H56: (21) 99860-2307 | I56: (21) 2038-4382 | J56: Sainte | K56: Não Atendeu | L56: Não Atendeu | N56: Cliente | O56: 1 | R56: 1.1574074e-05 | S56: --- | T56: =IF(Tabela1[[#This Row],[STATUS_NEGOCIO]]="Enviar E-mail",1,"") | U56: =TEXT(Tabela1[[#This Row],[DATA]],"dd/mm/aaaa") -> 20/04/2026
A57: 46132.464 | B57: 3003 - FirjanAtivo | C57: 6052-Marcia Lima Peixoto | F57: 2775296426 | G57: 177669409719981 | H57: (21) 99860-2307 | I57: (21) 2038-4382 | J57: Sainte | K57: Atendido | L57: Tel Não Atende / Ocupado | N57: Agente | O57: 16 | R57: 0.00027777778 | S57: 0.00019675926 | T57: =IF(Tabela1[[#This Row],[STATUS_NEGOCIO]]="Enviar E-mail",1,"") | U57: =TEXT(Tabela1[[#This Row],[DATA]],"dd/mm/aaaa") -> 20/04/2026
A58: 46132.465 | B58: 3003 - FirjanAtivo | C58: 6052-Marcia Lima Peixoto | F58: 2776162430 | G58: 177669414720061 | H58: (22) 99946-8260 | I58: (21) 2038-4382 | J58: Sainte | K58: Atendido | L58: Fora de Area / Cx de Mensagens | N58: Agente | O58: 16 | R58: 0.00030092593 | S58: 3.4722222e-05 | T58: =IF(Tabela1[[#This Row],[STATUS_NEGOCIO]]="Enviar E-mail",1,"") | U58: =TEXT(Tabela1[[#This Row],[DATA]],"dd/mm/aaaa") -> 20/04/2026
A59: 46132.465 | B59: 3003 - FirjanAtivo | C59: 6044-Roseli Honorato Dos Santos | F59: 2750717224 | G59: 177669415020081 | H59: (24) 97402-3050 | I59: (21) 2038-4382 | J59: Sainte | K59: Atendido | L59: Fora de Area / Cx de Mensagens | N59: Cliente | O59: 16 | R59: 0.00042824074 | S59: 0.00039351852 | T59: =IF(Tabela1[[#This Row],[STATUS_NEGOCIO]]="Enviar E-mail",1,"") | U59: =TEXT(Tabela1[[#This Row],[DATA]],"dd/mm/aaaa") -> 20/04/2026
A60: 46132.465 | B60: 3003 - FirjanAtivo | C60: 6052-Marcia Lima Peixoto | F60: 2772270427 | G60: 177669419120191 | H60: (21) 99557-6215 | I60: (21) 2038-4382 | J60: Sainte | K60: Não Atendeu | L60: Não Atendeu | N60: Agente | O60: 19 | R60: 0.00010416667 | S60: --- | T60: =IF(Tabela1[[#This Row],[STATUS_NEGOCIO]]="Enviar E-mail",1,"") | U60: =TEXT(Tabela1[[#This Row],[DATA]],"dd/mm/aaaa") -> 20/04/2026
A61: 46132.465 | B61: 3003 - FirjanAtivo | C61: 6044-Roseli Honorato Dos Santos | F61: 2775151972 | G61: 177669420720281 | H61: (22) 99845-7743 | I61: (21) 2038-4382 | J61: Sainte | K61: Atendido | L61: Enviar E-mail | N61: Agente | O61: 16 | R61: 0.0018402778 | S61: 0.001724537 | T61: =IF(Tabela1[[#This Row],[STATUS_NEGOCIO]]="Enviar E-mail",1,"") -> 1 | U61: =TEXT(Tabela1[[#This Row],[DATA]],"dd/mm/aaaa") -> 20/04/2026
A62: 46132.465 | B62: 3003 - FirjanAtivo | C62: 6052-Marcia Lima Peixoto | F62: 2757706531 | G62: 177669421320301 | H62: (22) 98101-2296 | I62: (21) 2038-4382 | J62: Sainte | K62: Atendido | L62: Fora de Area / Cx de Mensagens | N62: Agente | O62: 16 | R62: 9.2592593e-05 | S62: 3.4722222e-05 | T62: =IF(Tabela1[[#This Row],[STATUS_NEGOCIO]]="Enviar E-mail",1,"") | U62: =TEXT(Tabela1[[#This Row],[DATA]],"dd/mm/aaaa") -> 20/04/2026
A63: 46132.466 | B63: 3003 - FirjanAtivo | C63: 6052-Marcia Lima Peixoto | F63: 2759894304 | G63: 177669424020461 | H63: (21) 98320-0043 | I63: (21) 2038-4382 | J63: Sainte | K63: Atendido | L63: Fora de Area / Cx de Mensagens | N63: Agente | O63: 16 | R63: 5.787037e-05 | S63: 1.1574074e-05 | T63: =IF(Tabela1[[#This Row],[STATUS_NEGOCIO]]="Enviar E-mail",1,"") | U63: =TEXT(Tabela1[[#This Row],[DATA]],"dd/mm/aaaa") -> 20/04/2026
A64: 46132.466 | B64: 3003 - FirjanAtivo | C64: 6052-Marcia Lima Peixoto | F64: 2769572734 | G64: 177669426220501 | H64: (22) 99287-8450 | I64: (21) 2038-4382 | J64: Sainte | K64: Não Atendeu | L64: Não Atendeu | N64: Agente | O64: 19 | R64: 0.00040509259 | S64: --- | T64: =IF(Tabela1[[#This Row],[STATUS_NEGOCIO]]="Enviar E-mail",1,"") | U64: =TEXT(Tabela1[[#This Row],[DATA]],"dd/mm/aaaa") -> 20/04/2026
A65: 46132.467 | B65: 3003 - FirjanAtivo | C65: 6052-Marcia Lima Peixoto | F65: 2764100085 | G65: 177669430920611 | H65: (21) 98740-5755 | I65: (21) 2038-4382 | J65: Sainte | K65: Atendido | L65: Enviar E-mail | N65: Agente | O65: 16 | R65: 0.0021296296 | S65: 0.0020486111 | T65: =IF(Tabela1[[#This Row],[STATUS_NEGOCIO]]="Enviar E-mail",1,"") -> 1 | U65: =TEXT(Tabela1[[#This Row],[DATA]],"dd/mm/aaaa") -> 20/04/2026
A66: 46132.468 | B66: 3003 - FirjanAtivo | C66: 6044-Roseli Honorato Dos Santos | F66: 2709563101 | G66: 177669445420681 | H66: (11) 93286-8636 | I66: (21) 2038-4382 | J66: Sainte | K66: Atendido | L66: Enviar E-mail | N66: Agente | O66: 16 | R66: 0.0018171296 | S66: 0.0015740741 | T66: =IF(Tabela1[[#This Row],[STATUS_NEGOCIO]]="Enviar E-mail",1,"") -> 1 | U66: =TEXT(Tabela1[[#This Row],[DATA]],"dd/mm/aaaa") -> 20/04/2026
A67: 46132.47 | B67: 3003 - FirjanAtivo | C67: 6052-Marcia Lima Peixoto | F67: 2776391605 | G67: 177669458220931 | H67: (24) 99969-6999 | I67: (21) 2038-4382 | J67: Sainte | K67: Não Atendeu | L67: Não Atendeu | N67: Agente | O67: 19 | R67: 0.00040509259 | S67: --- | T67: =IF(Tabela1[[#This Row],[STATUS_NEGOCIO]]="Enviar E-mail",1,"") | U67: =TEXT(Tabela1[[#This Row],[DATA]],"dd/mm/aaaa") -> 20/04/2026
A68: 46132.47 | B68: 3003 - FirjanAtivo | C68: 6052-Marcia Lima Peixoto | F68: 2776411775 | G68: 177669464221211 | H68: (22) 99971-7111 | I68: (21) 2038-4382 | J68: Sainte | K68: Atendido | L68: Fora de Area / Cx de Mensagens | N68: Agente | O68: 16 | R68: 0.00012731481 | S68: 8.1018519e-05 | T68: =IF(Tabela1[[#This Row],[STATUS_NEGOCIO]]="Enviar E-mail",1,"") | U68: =TEXT(Tabela1[[#This Row],[DATA]],"dd/mm/aaaa") -> 20/04/2026
A69: 46132.471 | B69: 3003 - FirjanAtivo | C69: 6052-Marcia Lima Peixoto | F69: 2006680388 | G69: 177669467821251 | H69: (55) 22998-5655 | I69: (21) 2038-4382 | J69: Sainte | K69: Não Atendeu | L69: Não Atendeu | N69: Cliente | O69: 1 | R69: 1.1574074e-05 | S69: --- | T69: =IF(Tabela1[[#This Row],[STATUS_NEGOCIO]]="Enviar E-mail",1,"") | U69: =TEXT(Tabela1[[#This Row],[DATA]],"dd/mm/aaaa") -> 20/04/2026
A70: 46132.471 | B70: 3003 - FirjanAtivo | C70: 6044-Roseli Honorato Dos Santos | F70: 2776481505 | G70: 177669468621291 | H70: (22) 99978-6797 | I70: (21) 2038-4382 | J70: Sainte | K70: Atendido | L70: Fora de Area / Cx de Mensagens | N70: Cliente | O70: 16 | R70: 0.0003125 | S70: 0.00011574074 | T70: =IF(Tabela1[[#This Row],[STATUS_NEGOCIO]]="Enviar E-mail",1,"") | U70: =TEXT(Tabela1[[#This Row],[DATA]],"dd/mm/aaaa") -> 20/04/2026
A71: 46132.471 | B71: 3003 - FirjanAtivo | C71: 6052-Marcia Lima Peixoto | F71: 2006680396 | G71: 177669468621311 | H71: (55) 22998-5655 | I71: (21) 2038-4382 | J71: Sainte | K71: Não Atendeu | L71: Não Atendeu | N71: Cliente | O71: 1 | R71: 1.1574074e-05 | S71: --- | T71: =IF(Tabela1[[#This Row],[STATUS_NEGOCIO]]="Enviar E-mail",1,"") | U71: =TEXT(Tabela1[[#This Row],[DATA]],"dd/mm/aaaa") -> 20/04/2026
A72: 46132.471 | B72: 3003 - FirjanAtivo | C72: 6052-Marcia Lima Peixoto | F72: 2757746263 | G72: 177669473121451 | H72: (24) 98105-1508 | I72: (21) 2038-4382 | J72: Sainte | K72: Atendido | L72: Fora de Area / Cx de Mensagens | N72: Agente | O72: 16 | R72: 0.00013888889 | S72: --- | T72: =IF(Tabela1[[#This Row],[STATUS_NEGOCIO]]="Enviar E-mail",1,"") | U72: =TEXT(Tabela1[[#This Row],[DATA]],"dd/mm/aaaa") -> 20/04/2026
A73: 46132.472 | B73: 3003 - FirjanAtivo | C73: 6052-Marcia Lima Peixoto | F73: 2764719131 | G73: 177669476521541 | H73: (24) 98802-4342 | I73: (21) 2038-4382 | J73: Sainte | K73: Atendido | L73: Fora de Area / Cx de Mensagens | N73: Agente | O73: 16 | R73: 0.00017361111 | S73: --- | T73: =IF(Tabela1[[#This Row],[STATUS_NEGOCIO]]="Enviar E-mail",1,"") | U73: =TEXT(Tabela1[[#This Row],[DATA]],"dd/mm/aaaa") -> 20/04/2026
A74: 46132.472 | B74: 3003 - FirjanAtivo | C74: 6052-Marcia Lima Peixoto | F74: 2776679797 | G74: 177669480121631 | H74: (24) 99998-4972 | I74: (21) 2038-4382 | J74: Sainte | K74: Atendido | L74: Enviar E-mail | N74: Agente | O74: 16 | R74: 0.0021180556 | S74: 0.0019328704 | T74: =IF(Tabela1[[#This Row],[STATUS_NEGOCIO]]="Enviar E-mail",1,"") -> 1 | U74: =TEXT(Tabela1[[#This Row],[DATA]],"dd/mm/aaaa") -> 20/04/2026
A75: 46132.473 | B75: 3003 - FirjanAtivo | C75: 6044-Roseli Honorato Dos Santos | F75: 2775861556 | G75: 177669482521661 | H75: (22) 99916-6709 | I75: (21) 2038-4382 | J75: Sainte | K75: Atendido | L75: Fora de Area / Cx de Mensagens | N75: Agente | O75: 16 | R75: 0.00024305556 | S75: 6.9444444e-05 | T75: =IF(Tabela1[[#This Row],[STATUS_NEGOCIO]]="Enviar E-mail",1,"") | U75: =TEXT(Tabela1[[#This Row],[DATA]],"dd/mm/aaaa") -> 20/04/2026
A76: 46132.473 | B76: 3003 - FirjanAtivo | C76: 6044-Roseli Honorato Dos Santos | F76: 2769392073 | G76: 177669486521751 | H76: (24) 99269-7184 | I76: (21) 2038-4382 | J76: Sainte | K76: Atendido | L76: Fora de Area / Cx de Mensagens | N76: Agente | O76: 16 | R76: 0.00047453704 | S76: 5.787037e-05 | T76: =IF(Tabela1[[#This Row],[STATUS_NEGOCIO]]="Enviar E-mail",1,"") | U76: =TEXT(Tabela1[[#This Row],[DATA]],"dd/mm/aaaa") -> 20/04/2026
A77: 46132.475 | B77: 3003 - FirjanAtivo | C77: 6052-Marcia Lima Peixoto | F77: 2758505577 | G77: 177669502522091 | H77: (24) 98181-0528 | I77: (21) 2038-4382 | J77: Sainte | K77: Não Atendeu | L77: Não Atendeu | N77: Agente | O77: 19 | R77: 0.00034722222 | S77: --- | T77: =IF(Tabela1[[#This Row],[STATUS_NEGOCIO]]="Enviar E-mail",1,"") | U77: =TEXT(Tabela1[[#This Row],[DATA]],"dd/mm/aaaa") -> 20/04/2026
A78: 46132.475 | B78: 3003 - FirjanAtivo | C78: 6044-Roseli Honorato Dos Santos | F78: 2769392257 | G78: 177669504922171 | H78: (24) 99269-7184 | I78: (21) 2038-4382 | J78: Sainte | K78: Atendido | L78: Fora de Area / Cx de Mensagens | N78: Agente | O78: 16 | R78: 0.00042824074 | S78: 0.00015046296 | T78: =IF(Tabela1[[#This Row],[STATUS_NEGOCIO]]="Enviar E-mail",1,"") | U78: =TEXT(Tabela1[[#This Row],[DATA]],"dd/mm/aaaa") -> 20/04/2026
A79: 46132.475 | B79: 3003 - FirjanAtivo | C79: 6052-Marcia Lima Peixoto | F79: 2775195247 | G79: 177669506822231 | H79: (24) 99850-0155 | I79: (21) 2038-4382 | J79: Sainte | K79: Atendido | L79: Retornar | N79: Cliente | O79: 16 | R79: 0.00053240741 | S79: 0.00041666667 | T79: =IF(Tabela1[[#This Row],[STATUS_NEGOCIO]]="Enviar E-mail",1,"") | U79: =TEXT(Tabela1[[#This Row],[DATA]],"dd/mm/aaaa") -> 20/04/2026
A80: 46132.477 | B80: 3003 - FirjanAtivo | C80: 6052-Marcia Lima Peixoto | F80: 2769451210 | G80: 177669518522451 | H80: (24) 99275-6001 | I80: (21) 2038-4382 | J80: Sainte | K80: Atendido | L80: Fora de Area / Cx de Mensagens | N80: Agente | O80: 16 | R80: 0.00020833333 | S80: 1.1574074e-05 | T80: =IF(Tabela1[[#This Row],[STATUS_NEGOCIO]]="Enviar E-mail",1,"") | U80: =TEXT(Tabela1[[#This Row],[DATA]],"dd/mm/aaaa") -> 20/04/2026
A81: 46132.477 | B81: 3003 - FirjanAtivo | C81: 6044-Roseli Honorato Dos Santos | F81: 2772881653 | G81: 177669522022521 | H81: (21) 99618-6412 | I81: (21) 2038-4382 | J81: Sainte | K81: Atendido | L81: Fora de Area / Cx de Mensagens | N81: Cliente | O81: 16 | R81: 0.00055555556 | S81: 0.00011574074 | T81: =IF(Tabela1[[#This Row],[STATUS_NEGOCIO]]="Enviar E-mail",1,"") | U81: =TEXT(Tabela1[[#This Row],[DATA]],"dd/mm/aaaa") -> 20/04/2026
A82: 46132.477 | B82: 3003 - FirjanAtivo | C82: 6052-Marcia Lima Peixoto | F82: 2774068075 | G82: 177669522622541 | H82: (22) 99737-2827 | I82: (21) 2038-4382 | J82: Sainte | K82: Não Atendeu | L82: Não Atendeu | N82: Agente | O82: 19 | R82: 0.00046296296 | S82: --- | T82: =IF(Tabela1[[#This Row],[STATUS_NEGOCIO]]="Enviar E-mail",1,"") | U82: =TEXT(Tabela1[[#This Row],[DATA]],"dd/mm/aaaa") -> 20/04/2026
A83: 46132.478 | B83: 3003 - FirjanAtivo | C83: 6052-Marcia Lima Peixoto | F83: 2761664154 | G83: 177669527922641 | H83: (21) 98496-8854 | I83: (21) 2038-4382 | J83: Sainte | K83: Atendido | L83: Formulário Preenchido | N83: Agente | O83: 16 | R83: 0.0019097222 | S83: 0.0017592593 | T83: =IF(Tabela1[[#This Row],[STATUS_NEGOCIO]]="Enviar E-mail",1,"") | U83: =TEXT(Tabela1[[#This Row],[DATA]],"dd/mm/aaaa") -> 20/04/2026
A84: 46132.48 | B84: 3003 - FirjanAtivo | C84: 6044-Roseli Honorato Dos Santos | F84: 2768888016 | G84: 177669544022921 | H84: (24) 99219-2552 | I84: (21) 2038-4382 | J84: Sainte | K84: Atendido | L84: Fora de Area / Cx de Mensagens | N84: Agente | O84: 16 | R84: 0.00054398148 | S84: 0.00050925926 | T84: =IF(Tabela1[[#This Row],[STATUS_NEGOCIO]]="Enviar E-mail",1,"") | U84: =TEXT(Tabela1[[#This Row],[DATA]],"dd/mm/aaaa") -> 20/04/2026
A85: 46132.48 | B85: 3003 - FirjanAtivo | C85: 6044-Roseli Honorato Dos Santos | F85: 2772165791 | G85: 177669551123021 | H85: (21) 99547-0259 | I85: (21) 2038-4382 | J85: Sainte | K85: Atendido | L85: Enviar E-mail | N85: Agente | O85: 16 | R85: 0.0016666667 | S85: 0.0015393519 | T85: =IF(Tabela1[[#This Row],[STATUS_NEGOCIO]]="Enviar E-mail",1,"") -> 1 | U85: =TEXT(Tabela1[[#This Row],[DATA]],"dd/mm/aaaa") -> 20/04/2026
A86: 46132.485 | B86: 3003 - FirjanAtivo | C86: 6044-Roseli Honorato Dos Santos | F86: 2758296121 | G86: 177669593424021 | H86: (21) 98160-0166 | I86: (21) 2038-4382 | J86: Sainte | K86: Atendido | L86: Fora de Area / Cx de Mensagens | N86: Agente | O86: 16 | R86: 0.00047453704 | S86: 0.00025462963 | T86: =IF(Tabela1[[#This Row],[STATUS_NEGOCIO]]="Enviar E-mail",1,"") | U86: =TEXT(Tabela1[[#This Row],[DATA]],"dd/mm/aaaa") -> 20/04/2026
A87: 46132.487 | B87: 3003 - FirjanAtivo | C87: 6052-Marcia Lima Peixoto | F87: 2769810272 | G87: 177669604524401 | H87: (21) 99311-4206 | I87: (21) 2038-4382 | J87: Sainte | K87: Não Atendeu | L87: Não Atendeu | N87: Agente | O87: 19 | R87: 0.00042824074 | S87: --- | T87: =IF(Tabela1[[#This Row],[STATUS_NEGOCIO]]="Enviar E-mail",1,"") | U87: =TEXT(Tabela1[[#This Row],[DATA]],"dd/mm/aaaa") -> 20/04/2026
A88: 46132.487 | B88: 3003 - FirjanAtivo | C88: 6052-Marcia Lima Peixoto | F88: 2755869115 | G88: 177669609424501 | H88: (21) 97917-3000 | I88: (21) 2038-4382 | J88: Sainte | K88: Atendido | L88: INFORMADO | N88: Cliente | O88: 16 | R88: 0.0012268519 | S88: 0.0011689815 | T88: =IF(Tabela1[[#This Row],[STATUS_NEGOCIO]]="Enviar E-mail",1,"") | U88: =TEXT(Tabela1[[#This Row],[DATA]],"dd/mm/aaaa") -> 20/04/2026
A89: 46132.491 | B89: 3003 - FirjanAtivo | C89: 6052-Marcia Lima Peixoto | F89: 2776258034 | G89: 177669640324751 | H89: (24) 99956-1607 | I89: (21) 2038-4382 | J89: Sainte | K89: Atendido | L89: Fora de Area / Cx de Mensagens | N89: Agente | O89: 16 | R89: 0.0002662037 | S89: 2.3148148e-05 | T89: =IF(Tabela1[[#This Row],[STATUS_NEGOCIO]]="Enviar E-mail",1,"") | U89: =TEXT(Tabela1[[#This Row],[DATA]],"dd/mm/aaaa") -> 20/04/2026
A90: 46132.491 | B90: 3003 - FirjanAtivo | C90: 6052-Marcia Lima Peixoto | F90: 2765508182 | G90: 177669644324841 | H90: (24) 98881-1715 | I90: (21) 2038-4382 | J90: Sainte | K90: Não Atendeu | L90: Não Atendeu | N90: Agente | O90: 19 | R90: 5.787037e-05 | S90: --- | T90: =IF(Tabela1[[#This Row],[STATUS_NEGOCIO]]="Enviar E-mail",1,"") | U90: =TEXT(Tabela1[[#This Row],[DATA]],"dd/mm/aaaa") -> 20/04/2026
A91: 46132.492 | B91: 3003 - FirjanAtivo | C91: 6052-Marcia Lima Peixoto | F91: 2775814440 | G91: 177669647124931 | H91: (24) 99911-7945 | I91: (21) 2038-4382 | J91: Sainte | K91: Não Atendeu | L91: Não Atendeu | N91: Agente | O91: 19 | R91: 0.00042824074 | S91: --- | T91: =IF(Tabela1[[#This Row],[STATUS_NEGOCIO]]="Enviar E-mail",1,"") | U91: =TEXT(Tabela1[[#This Row],[DATA]],"dd/mm/aaaa") -> 20/04/2026
A92: 46132.492 | B92: 3003 - FirjanAtivo | C92: 6044-Roseli Honorato Dos Santos | F92: 2758296669 | G92: 177669648224951 | H92: (21) 98160-0166 | I92: (21) 2038-4382 | J92: Sainte | K92: Atendido | L92: Fora de Area / Cx de Mensagens | N92: Agente | O92: 16 | R92: 0.00042824074 | S92: 0.00021990741 | T92: =IF(Tabela1[[#This Row],[STATUS_NEGOCIO]]="Enviar E-mail",1,"") | U92: =TEXT(Tabela1[[#This Row],[DATA]],"dd/mm/aaaa") -> 20/04/2026
A93: 46132.492 | B93: 3003 - FirjanAtivo | C93: 6052-Marcia Lima Peixoto | F93: 2764723768 | G93: 177669654625281 | H93: (22) 98802-7200 | I93: (21) 2038-4382 | J93: Sainte | K93: Não Atendeu | L93: Não Atendeu | N93: Agente | O93: 19 | R93: 5.787037e-05 | S93: --- | T93: =IF(Tabela1[[#This Row],[STATUS_NEGOCIO]]="Enviar E-mail",1,"") | U93: =TEXT(Tabela1[[#This Row],[DATA]],"dd/mm/aaaa") -> 20/04/2026
A94: 46132.493 | B94: 3003 - FirjanAtivo | C94: 6052-Marcia Lima Peixoto | F94: 2770593663 | G94: 177669656525311 | H94: (21) 99389-7077 | I94: (21) 2038-4382 | J94: Sainte | K94: Atendido | L94: Enviar E-mail | N94: Agente | O94: 16 | R94: 0.0024189815 | S94: 0.0023611111 | T94: =IF(Tabela1[[#This Row],[STATUS_NEGOCIO]]="Enviar E-mail",1,"") -> 1 | U94: =TEXT(Tabela1[[#This Row],[DATA]],"dd/mm/aaaa") -> 20/04/2026
A95: 46132.496 | B95: 3003 - FirjanAtivo | C95: 6052-Marcia Lima Peixoto | F95: 2774286740 | G95: 177669682125991 | H95: (22) 99758-9897 | I95: (21) 2038-4382 | J95: Sainte | K95: Atendido | L95: Fora de Area / Cx de Mensagens | N95: Agente | O95: 16 | R95: 8.1018519e-05 | S95: 3.4722222e-05 | T95: =IF(Tabela1[[#This Row],[STATUS_NEGOCIO]]="Enviar E-mail",1,"") | U95: =TEXT(Tabela1[[#This Row],[DATA]],"dd/mm/aaaa") -> 20/04/2026
A96: 46132.496 | B96: 3003 - FirjanAtivo | C96: 6052-Marcia Lima Peixoto | F96: 2768918752 | G96: 177669685926181 | H96: (21) 99222-1872 | I96: (21) 2038-4382 | J96: Sainte | K96: Atendido | L96: Enviar E-mail | N96: Agente | O96: 16 | R96: 0.0025810185 | S96: 0.0024305556 | T96: =IF(Tabela1[[#This Row],[STATUS_NEGOCIO]]="Enviar E-mail",1,"") -> 1 | U96: =TEXT(Tabela1[[#This Row],[DATA]],"dd/mm/aaaa") -> 20/04/2026
A97: 46132.496 | B97: 3003 - FirjanAtivo | C97: 6044-Roseli Honorato Dos Santos | F97: 2776129707 | G97: 177669686526201 | H97: (22) 99943-2820 | I97: (21) 2038-4382 | J97: Sainte | K97: Atendido | L97: Enviar E-mail | N97: Cliente | O97: 16 | R97: 0.0018287037 | S97: 0.0015625 | T97: =IF(Tabela1[[#This Row],[STATUS_NEGOCIO]]="Enviar E-mail",1,"") -> 1 | U97: =TEXT(Tabela1[[#This Row],[DATA]],"dd/mm/aaaa") -> 20/04/2026
A98: 46132.499 | B98: 3003 - FirjanAtivo | C98: 6044-Roseli Honorato Dos Santos | F98: 2768708790 | G98: 177669709026691 | H98: (24) 99201-1676 | I98: (21) 2038-4382 | J98: Sainte | K98: Atendido | L98: Enviar E-mail | N98: Agente | O98: 16 | R98: 0.0027662037 | S98: 0.0026041667 | T98: =IF(Tabela1[[#This Row],[STATUS_NEGOCIO]]="Enviar E-mail",1,"") -> 1 | U98: =TEXT(Tabela1[[#This Row],[DATA]],"dd/mm/aaaa") -> 20/04/2026
A99: 46132.499 | B99: 3003 - FirjanAtivo | C99: 6052-Marcia Lima Peixoto | F99: 2776530119 | G99: 177669712026761 | H99: (24) 99983-2975 | I99: (21) 2038-4382 | J99: Sainte | K99: Atendido | L99: Retornar | N99: Agente | O99: 16 | R99: 0.0011342593 | S99: 0.00099537037 | T99: =IF(Tabela1[[#This Row],[STATUS_NEGOCIO]]="Enviar E-mail",1,"") | U99: =TEXT(Tabela1[[#This Row],[DATA]],"dd/mm/aaaa") -> 20/04/2026
A100: 46132.501 | B100: 3003 - FirjanAtivo | C100: 6052-Marcia Lima Peixoto | F100: 2768810208 | G100: 177669725727081 | H100: (22) 99211-2929 | I100: (21) 2038-4382 | J100: Sainte | K100: Atendido | L100: Enviar E-mail | N100: Agente | O100: 16 | R100: 0.0026041667 | S100: 0.0023148148 | T100: =IF(Tabela1[[#This Row],[STATUS_NEGOCIO]]="Enviar E-mail",1,"") -> 1 | U100: =TEXT(Tabela1[[#This Row],[DATA]],"dd/mm/aaaa") -> 20/04/2026
...

Sheet Planilha1
A1: STATUS_NEGOCIO | B1: Retorno | C1: QTD | E1: Retorno | F1: QTD
A2: Engano | B2: Alo | C2: =COUNTIF('chamadas_22-04-2026_165407'!L:L,Planilha1!A2) -> 8
A3: Fora de Area / Cx de Mensagens | B3: Tentativa | C3: =COUNTIF('chamadas_22-04-2026_165407'!L:L,Planilha1!A3) -> 2291 | E3: Tentativa | F3: =SUMIF(B:B,E3,C:C) -> 2856
A4: Não Atendeu | B4: Tentativa | C4: =COUNTIF('chamadas_22-04-2026_165407'!L:L,Planilha1!A4) -> 421 | E4: Interessado | F4: =SUMIF(B:B,E4,C:C) -> 140
A5: Enviar E-mail | B5: Interessado | C5: =COUNTIF('chamadas_22-04-2026_165407'!L:L,Planilha1!A5) -> 140 | E5: Alo | F5: =SUMIF(B:B,E5,C:C) -> 41
A6: Tel Não Atende / Ocupado | B6: Tentativa | C6: =COUNTIF('chamadas_22-04-2026_165407'!L:L,Planilha1!A6) -> 68 | E6: Contato com o Decisor | F6: =SUMIF(B:B,E6,C:C) -> 41
A7: Ocupado | B7: Tentativa | C7: =COUNTIF('chamadas_22-04-2026_165407'!L:L,Planilha1!A7) -> 37 | F7: =SUM(F3:F6) -> 3078
A8: Retornar | B8: Alo | C8: =COUNTIF('chamadas_22-04-2026_165407'!L:L,Planilha1!A8) -> 21 | G8: 3225
A9: Formulário Preenchido | B9: Contato com o Decisor | C9: =COUNTIF('chamadas_22-04-2026_165407'!L:L,Planilha1!A9) -> 7
A10: INFORMADO | B10: Contato com o Decisor | C10: =COUNTIF('chamadas_22-04-2026_165407'!L:L,Planilha1!A10) -> 25
A11: Recado | B11: Alo | C11: =COUNTIF('chamadas_22-04-2026_165407'!L:L,Planilha1!A11) -> 1 | F11: 516
A12: Não tem interesse | B12: Contato com o Decisor | C12: =COUNTIF('chamadas_22-04-2026_165407'!L:L,Planilha1!A12) -> 9
A13: Cliente Desligou | B13: Alo | C13: =COUNTIF('chamadas_22-04-2026_165407'!L:L,Planilha1!A13) -> 10
A14: Ligação Muda | B14: Tentativa | C14: =COUNTIF('chamadas_22-04-2026_165407'!L:L,Planilha1!A14) -> 39
A15: Contato Indisponível | B15: Alo | C15: =COUNTIF('chamadas_22-04-2026_165407'!L:L,Planilha1!A15) -> 1
